capability	classification	donor	pin	license	fit_evidence	admission
pinned-project-acquisition	DIRECT_IMPORT	Git for Windows fetch/cat-file/ls-tree/checkout	Git 2.53.0.windows.2; hsoliwal/gef-classic ef39f9d7f82c0d05c5c32b081d9a48b07579bccc	Git GPL-2.0 tooling; GEF EPL-2.0 metadata pending source scope	Pinned owner commit/root tree/POM/LICENSE/NOTICE identities inherited from official GraphQL	Only isolated public project acquisition; no transformation admission
owned-project-maven-build	DIRECT_IMPORT	GEF existing pom.xml and native Maven/Tycho build	pom blob 610f0bbf0c0251159bdc332d3d9b72503dce09b7	GEF source license bodies/headers reviewed before admission	Root/module/profile/test/target contracts inventoried from exact Git source before execution	No new resolver/parser; original flags/tests/platform behavior retained
source-custody-hash-inventory	DIRECT_IMPORT	E:/tools/cpu_fs_inventory.py	335cd869d15e610cf92e1927bc2ed66a10d6d8847b97ecd1766ebf0e7ff16b69	Owned Synexia unchanged leaf; no source export	Reuse existing pre/post-stat raw hashing; source Git OID/tree/modes stronger than filename discovery	No semantic-equivalence or lifecycle admission from inventory
recipe-execution-orchestration	ADAPT	Existing Maven Ant/exec lifecycle and prior source-sealed task recipes	Existing local Maven 3.9.14/JDK21/offline mirror; exact source owner receipts bound before action	Existing project and Maven plugin licenses retained	Only saved owning-source task recipe and checksum/fixedpoint/refusal gates; no production generation	Full build/lifecycle/platform/JNI admission requires real executed evidence
windows-native-source-ancestor-custody	DIRECT_IMPORT	Synexia qualified-v5 recipe-windows-context/windows-reparse-preflight.ps1	Exact raw SHA256 recorded with copied guard	Apache-2.0 SPDX retained verbatim	Existing guard inspects all manifest source/recipe paths and ancestors before content hash reads; no new platform primitive	Bounded Windows reparse refusal only; handle lifetime/TOCTOU/general platform admission not inferred
owned-bootstrap-logging-runtime	DIRECT_IMPORT	qos-ch/slf4j slf4j-api	2.0.17; official Maven Central SHA1 matches; exact JAR SHA256 7b751d952061954d5abfed7181c1f645d336091b679891591d63329c622eb832	MIT actual META-INF/LICENSE.txt retained	Original strict compile passed; original JUnit test fails LoggerFactory absence; API runtime compatibility to be executed	No logging provider, version upgrade, test suppression or production Java generated
owned-bootstrap-pom-exact-repair	ADAPT	OpenRewrite FindAndReplace plus existing ContainerArea official proof harness	8.90.4 source commit 398a6349648ca802aa050bdb6fe45a99395dce47	Apache-2.0 retained	Full exact POM preimage plus file pattern; whole-context/fixedpoint/wrong-path/drift then original owning JUnit execution	Candidate only until executed proof and independent review
official-proof-annotation-api	DIRECT_IMPORT	JetBrains/java-annotations	26.1.0; exact artifact SHA256/size in ANNOTATION_API_INVENTORY.json	Apache-2.0 POM reviewed	Borrowed qualified carrier already includes this API; missing Language annotation breaks -Werror	Proof carrier only; no owned POM/Java/test/flag change
owned-bootstrap-task-gate-proof	DIRECT_IMPORT	GEF pinned M3BootstrapTaskRecipe and original passing JUnit runtime	Original owned Java source unchanged; exact runtime artifact hashes in OWNED_GATE_RUNTIME_INVENTORY.json	Owned source root EPL-2.0 retained; proof Apache-2.0	External positive/refusal tests call owned public getRecipeList, no implementation duplicated	Runtime-only discriminator; no original source/test suppression
original-native-owner-exit-and-byte-effects	ADAPT	Existing native subprocess Maven wrapper and original GEF initialize/verify restoration lifecycle	Exact original terminal receipt v2: 34 projects, 17703 reported tests, zero failures/errors, 3 original platform assumptions	Existing donor/tooling/source notices retained	Retire observation timeout; native command waits actual exit; report restored-source mtime separately from raw byte drift	No generic Windows descendant kill/handle lifetime/cross-platform admission
